1;aan
2;abdul
3;abdullah
4;abidin
5;abie
6;achmad
7;adam
8;ade
9;adhi
10;adhitya
11;adi
12;adinda
13;adipati
14;adit
15;aditia
16;aditya
17;adityo
18;adrian
19;adriani
20;ady
21;afni
22;afriani
23;afrizal
24;agnes
25;agung
26;agus
27;agustian
28;agustin
29;agustina
30;agustini
31;agustinus
32;ahmad
33;aini
34;aisyah
35;ajeng
36;aji
37;ajie
38;akbar
39;akhmad
40;alam
41;alamsyah
42;alex
43;alfian
44;ali
45;alif
46;amalia
47;amanda
48;ambar
49;ambarwati
50;amelia
51;amin
52;aminah
53;amir
54;amri
55;ana
56;anak
57;ananda
58;anang
59;anastasia
60;andhika
61;andi
62;andika
63;andina
64;andini
65;andre
66;andreas
67;andri
68;andrian
69;andriana
70;andriani
71;andriyani
72;andry
73;andy
74;angelia
75;angelina
76;angga
77;anggara
78;anggi
79;anggia
80;anggit
81;anggita
82;anggoro
83;anggraeni
84;anggraini
85;anggun
86;ani
87;anik
88;anindita
89;anis
90;anisa
91;anita
92;anjar
93;anna
94;annisa
95;anton
96;antonius
97;anugrah
98;anwar
99;apriani
100;aprianto
101;aprilia
102;apriyani
103;apriyanti
104;ardi
105;ardian
106;ardiansyah
107;ari
108;aria
109;ariani
110;arie
111;arief
112;aries
113;arif
114;arifah
115;arifin
116;arini
117;ario
118;aris
119;arisandi
120;arista
121;ariyani
122;ariyanti
123;ariyanto
124;artha
125;arum
126;ary
127;arya
128;aryani
129;aryo
130;asep
131;asih
132;asmara
133;asri
134;asti
135;astri
136;astria
137;astrid
138;astuti
139;atik
140;atika
141;aulia
142;ayu
143;ayuningtyas
144;azhar
145;azhari
146;azis
147;aziz
148;azizah
149;azmi
150;bagus
151;bahri
152;baiq
153;bambang
154;bangun
155;baskoro
156;bayu
157;benny
158;betty
159;bima
160;bintang
161;bobby
162;budi
163;budiman
164;bunga
165;cahya
166;cahyadi
167;cahyani
168;cahyo
169;cahyono
170;candra
171;carolina
172;catur
173;chandra
174;christian
175;christie
176;christin
177;christina
178;christine
179;christy
180;cindy
181;cinta
182;citra
183;cut
184;dadang
185;dahlia
186;damayanti
187;danang
188;dani
189;daniel
190;danu
191;darma
192;darmawan
193;david
194;deasy
195;debby
196;debora
197;deddy
198;dede
199;dedi
200;dedy
201;deni
202;denny
203;deny
204;deri
205;derry
206;desi
207;dessy
208;desti
209;desty
210;desy
211;devi
212;devita
213;devy
214;dewa
215;dewi
216;dhani
217;dharma
218;dhian
219;diah
220;dian
221;diana
222;dicky
223;didi
224;didik
225;dika
226;dimas
227;dina
228;dinar
229;dinda
230;dini
231;dita
232;diyah
233;dodi
234;dody
235;dona
236;doni
237;donny
238;dono
239;dony
240;dwi
241;dyah
242;dyan
243;eddy
244;edi
245;edwin
246;edy
247;efendi
248;effendi
249;eka
250;ekawati
251;eko
252;elfrida
253;eli
254;elisa
255;elisabeth
256;eliza
257;elly
258;elsa
259;ema
260;emi
261;emy
262;endah
263;endang
264;eni
265;eny
266;era
267;eri
268;erik
269;erika
270;erlina
271;erma
272;erna
273;ernawati
274;erni
275;ervina
276;erwin
277;ester
278;esti
279;eva
280;evi
281;evy
282;fadli
283;fahmi
284;faisal
285;faizah
286;faizal
287;fajar
288;fajri
289;fanny
290;farah
291;farid
292;farida
293;fatimah
294;fatmawati
295;fauzan
296;fauzi
297;fauzia
298;fauziah
299;febri
300;febrian
301;febriana
302;febriani
303;febrianti
304;febrianto
305;febrina
306;febriyanti
307;fenny
308;fera
309;feri
310;fernando
311;ferry
312;fika
313;fikri
314;fina
315;firdaus
316;firman
317;firmansyah
318;fitra
319;fitrah
320;fitri
321;fitria
322;fitriah
323;fitriana
324;fitriani
325;fitriyani
326;fransisca
327;fransiska
328;frida
329;friska
330;fuad
331;galih
332;galuh
333;gede
334;gilang
335;gina
336;ginanjar
337;ginting
338;gita
339;grace
340;gultom
341;gunawan
342;guntur
343;gusti
344;hadi
345;hajar
346;hakim
347;halim
348;hana
349;handayani
350;handoko
351;hani
352;hanif
353;hanifah
354;hanna
355;hanny
356;hanum
357;happy
358;hapsari
359;harahap
360;hari
361;haris
362;harry
363;hartanto
364;hartati
365;hartono
366;hary
367;haryanto
368;haryo
369;hasan
370;hasanah
371;hasibuan
372;hastuti
373;hayati
374;helmi
375;hendi
376;hendra
377;hendri
378;hendrik
379;hendro
380;hendy
381;heni
382;henny
383;henry
384;herawati
385;heri
386;herlina
387;herman
388;hermanto
389;hermawan
390;herry
391;heru
392;hery
393;hesti
394;hidayah
395;hidayat
396;hidayati
397;hikmah
398;hilda
399;himawan
400;huda
401;husna
402;husni
403;husnul
404;hutabarat
405;ibnu
406;ibrahim
407;ida
408;ihsan
409;iin
410;iis
411;ika
412;ike
413;ikhsan
414;ilham
415;ima
416;imam
417;iman
418;imelda
419;ina
420;indah
421;indra
422;indrawan
423;indrawati
424;indri
425;indriani
426;indriyani
427;intan
428;iqbal
429;ira
430;irawan
431;irawati
432;irene
433;irfan
434;irma
435;irna
436;irvan
437;irwan
438;iskandar
439;isma
440;ismail
441;isnaini
442;istiqomah
443;ita
444;ivan
445;iwan
446;jannah
447;januar
448;jati
449;jaya
450;jayanti
451;johan
452;joko
453;jonatan
454;juli
455;julia
456;juliana
457;julianti
458;juni
459;junita
460;juwita
461;kadek
462;karina
463;karlina
464;kartika
465;kartikasari
466;kartini
467;ketut
468;khairul
469;khairunnisa
470;kharisma
471;khotimah
472;kiki
473;komalasari
474;komang
475;krisna
476;kristina
477;kukuh
478;kumala
479;kumalasari
480;kurnia
481;kurniasari
482;kurniasih
483;kurniati
484;kurniawan
485;kurniawati
486;kusuma
487;kusumastuti
488;kusumawati
489;laila
490;laili
491;lala
492;larasati
493;latifah
494;laura
495;leni
496;lenny
497;leny
498;leonardo
499;lestari
500;lia
501;lidia
502;lidya
503;lilik
504;lilis
505;lina
506;linda
507;lisa
508;listya
509;lita
510;liza
511;lubis
512;lucky
513;luh
514;lukman
515;lumban
516;luqman
517;lusiana
518;lutfi
519;luthfi
520;lydia
521;made
522;magdalena
523;maharani
524;mahardika
525;mahendra
526;mandasari
527;manik
528;manurung
529;mardiana
530;margaretha
531;maria
532;mariana
533;marina
534;marisa
535;marissa
536;marlina
537;marta
538;martha
539;martin
540;martina
541;maryati
542;mas
543;maulana
544;maulida
545;maulina
546;maya
547;mayang
548;mayasari
549;mega
550;megasari
551;megawati
552;mei
553;meita
554;melati
555;melinda
556;melisa
557;merry
558;meutia
559;mia
560;michael
561;miftahul
562;mila
563;mira
564;miranti
565;mirza
566;mita
567;moch.
568;mochamad
569;mochammad
570;moh.
571;mohamad
572;mohammad
573;monica
574;muchamad
575;muh.
576;muhamad
577;muhammad
578;mukti
579;mulia
580;mulya
581;mulyani
582;murni
583;murti
584;muslim
585;mustika
586;mutia
587;mutiara
588;muttaqin
589;nadia
590;nadya
591;nana
592;nanang
593;nanda
594;nani
595;nanik
596;napitupulu
597;nasution
598;natalia
599;nelly
600;neni
601;ni
602;nia
603;niken
604;nila
605;nina
606;ningrum
607;ningsih
608;nirmala
609;nisa
610;nita
611;noni
612;noor
613;nora
614;norma
615;nova
616;novalia
617;novi
618;novia
619;noviana
620;noviani
621;novianti
622;novita
623;novitasari
624;noviyanti
625;nugraha
626;nugraheni
627;nugroho
628;nur
629;nuraeni
630;nuraini
631;nurhasanah
632;nurhayati
633;nurina
634;nurjanah
635;nurmala
636;nurul
637;nyoman
638;octavia
639;octaviani
640;okta
641;oktarina
642;oktavia
643;oktaviana
644;oktaviani
645;olivia
646;palupi
647;pamungkas
648;pandu
649;panjaitan
650;panji
651;paramita
652;paramitha
653;parulian
654;pasaribu
655;perdana
656;permana
657;permata
658;permatasari
659;pertiwi
660;peter
661;pipit
662;piter
663;poppy
664;prabowo
665;pradana
666;pradipta
667;pramita
668;pramono
669;prasetya
670;prasetyo
671;pratama
672;pratiwi
673;pratomo
674;pribadi
675;prima
676;prita
677;priyo
678;puji
679;purba
680;puri
681;purnama
682;purnamasari
683;purnomo
684;purwaningsih
685;purwanti
686;purwanto
687;puspa
688;puspasari
689;puspita
690;puspitasari
691;puti
692;putra
693;putri
694;putro
695;putu
696;rachma
697;rachmad
698;rachman
699;rachmat
700;rachmawati
701;raden
702;raditya
703;ragil
704;rahadian
705;rahayu
706;rahma
707;rahmad
708;rahmadhani
709;rahmah
710;rahman
711;rahmat
712;rahmawati
713;rahmi
714;rama
715;ramadhan
716;ramadhani
717;randy
718;rangga
719;rani
720;rara
721;rasyid
722;ratih
723;ratna
724;ratnasari
725;ratnawati
726;ratri
727;ratu
728;regina
729;rendy
730;reni
731;renny
732;reny
733;resti
734;restu
735;retno
736;reza
737;ria
738;rian
739;riana
740;riani
741;ricky
742;ridha
743;ridho
744;ridwan
745;rifki
746;rika
747;riki
748;rima
749;rina
750;rinaldi
751;rini
752;rio
753;riri
754;ririn
755;risa
756;riska
757;riski
758;risky
759;risma
760;risna
761;rita
762;riyadi
763;riyanto
764;riza
765;rizal
766;rizka
767;rizki
768;rizky
769;rizqi
770;robby
771;romi
772;romy
773;ronald
774;roni
775;rony
776;roro
777;rosa
778;rosalina
779;rosdiana
780;rosita
781;roy
782;roza
783;rudi
784;rudy
785;rully
786;ruth
787;ryan
788;safitri
789;sahat
790;sakti
791;salman
792;samuel
793;sandi
794;sandra
795;sandy
796;sani
797;sanjaya
798;santi
799;santoso
800;santy
801;sapta
802;sapto
803;saputra
804;saputri
805;saputro
806;saragih
807;sarah
808;saraswati
809;sari
810;sartika
811;satria
812;satrio
813;satya
814;savitri
815;sekar
816;selly
817;sembiring
818;senja
819;septi
820;septian
821;septiana
822;septiani
823;setia
824;setiadi
825;setiawan
826;setiawati
827;seto
828;setya
829;setyaningsih
830;setyawan
831;setyo
832;setyowati
833;shinta
834;siagian
835;siahaan
836;sigit
837;sihombing
838;silalahi
839;silvia
840;simanjuntak
841;simatupang
842;simbolon
843;sinaga
844;singgih
845;sinta
846;sirait
847;siregar
848;siska
849;sitanggang
850;siti
851;sitompul
852;sitorus
853;sitti
854;slamet
855;sofia
856;sofyan
857;soraya
858;sri
859;suci
860;sugeng
861;sukma
862;sukmawati
863;sulastri
864;sulistyo
865;sulistyowati
866;sundari
867;supriyanto
868;surya
869;suryadi
870;suryani
871;suryo
872;susanti
873;susanto
874;susi
875;susilo
876;susilowati
877;sutrisno
878;syafitri
879;syah
880;syahputra
881;syahrul
882;syaiful
883;syam
884;syamsul
885;syarif
886;syarifah
887;tambunan
888;tampubolon
889;tanjung
890;tantri
891;tarigan
892;taufan
893;taufik
894;taufiq
895;teguh
896;theresia
897;tia
898;tiara
899;tika
900;tirta
901;tita
902;titi
903;titik
904;titin
905;titis
906;tommy
907;toni
908;tri
909;tria
910;triana
911;trisna
912;trisnawati
913;tua
914;tulus
915;tuti
916;tyas
917;ulfa
918;ulfah
919;umar
920;umi
921;uswatun
922;utama
923;utami
924;utari
925;utomo
926;vera
927;veronica
928;veronika
929;vidya
930;vina
931;vita
932;vivi
933;wahyu
934;wahyudi
935;wahyuni
936;wahyuningsih
937;wanda
938;wardani
939;wardhana
940;wardhani
941;wati
942;wawan
943;wayan
944;wenny
945;wibisono
946;wibowo
947;wicaksono
948;widhi
949;widi
950;widia
951;widiastuti
952;widodo
953;widya
954;widyaningrum
955;widyastuti
956;wijaya
957;wijayanti
958;wijayanto
959;willy
960;wina
961;winda
962;windi
963;windy
964;wira
965;wirawan
966;wisnu
967;wiwik
968;wiwin
969;wulan
970;wulandari
971;wulansari
972;wuri
973;yan
974;yani
975;yanti
976;yanuar
977;yayuk
978;yeni
979;yenni
980;yenny
981;yoga
982;yogi
983;yohana
984;yohanes
985;yolanda
986;yuanita
987;yuda
988;yudha
989;yudhi
990;yudi
991;yuli
992;yulia
993;yuliana
994;yuliani
995;yulianti
996;yulianto
997;yulita
998;yun
999;yuni
1000;yunia
1001;yuniar
1002;yuniarti
1003;yunita
1004;yusnita
1005;yusuf
1006;yuyun
1007;zainal
1008;zulfikar
